,Normal Epochs,Apnea Epochs
HR-Air,0.007369865244847636,0.0188772152084732
HR-Chest,0.006134677053162967,0.016172569220480916
HR-Abd,0.008250259228863448,0.021515406699758884
HR-Chin,0.001664906654049623,0.005291963012798868
HR-Leg,0.0032941582505025277,0.006384250589169473
HR-Eye1,-0.0011334585459070532,-0.002548881418486983
HR-Eye2,-0.001718684731738621,-0.00451349914281194
HR-FLd,-0.0007530739772608366,-0.0013652653797242315
HR-FLt,-0.001527172686956893,-0.00505086179401003
HR-FLa,-0.0006727981178022279,-0.001771966150831031
HR-FLs,-0.0005068235219318852,-0.0011844506199213407
HR-FLb,0.0015165327632944664,0.005016206563653909
HR-C3d,-0.0005782028435683259,-0.0011750881200899856
HR-C3t,-0.0009061831698002303,-0.0021471890702171033
HR-C3a,-0.000288123021691897,-0.0003287595548833738
HR-C3s,0.00043876229704803974,0.0015113469817498097
HR-C3b,-8.206160987564461e-05,-0.0001245020556647718
HR-O1d,0.00075075615016568,0.0021993172742567416
HR-O1t,0.00014009670230724741,0.00027987600675482367
HR-O1a,0.0016039658466111175,0.005707006200560016
HR-O1s,0.00018678705847782252,0.0008317781006054424
HR-O1b,0.002189035773953972,0.007933178389901742
HR-FRd,-0.0017364838538794273,-0.0036836639238374486
HR-FRt,-0.0018703758447811813,-0.0048301385074794
HR-FRa,0.0010226771906482518,0.003345682291566181
HR-FRs,-0.0014801418177245356,-0.003578326056633404
HR-FRb,0.00023191325019852874,0.0009714646698397396
HR-C4d,-0.0006702749991389335,-0.0013341560533151088
HR-C4t,0.00023375426043046815,0.0006677588546694189
HR-C4a,-0.00020244313886907646,-0.0005215828284077944
HR-C4s,0.0014222714356085,0.0040769356291584305
HR-C4b,0.0011377974232481894,0.0035715797378605306
HR-O2d,0.0014675755490994938,0.00432082998085494
HR-O2t,-0.0005666992668340173,-0.0017999079388529126
HR-O2a,0.0018901214489528146,0.007081052872318682
HR-O2s,0.0007579164846544725,0.0025825533025654076
HR-O2b,0.002597633320736535,0.009534767687282394
Air-Chest,-0.0043662867297502754,-0.0020347405782331343
Air-Abd,-0.0020864248030038187,-0.0015273903781000318
Air-Chin,0.008014759934760462,0.021426249586743003
Air-Leg,0.007578369386451268,0.01736452771723595
Air-Eye1,0.010058282992568637,0.02267832277227312
Air-Eye2,0.009139849321033379,0.01916434823093069
Air-FLd,0.009300124217019555,0.019865421927575837
Air-FLt,0.008309123069571123,0.013444781416259603
Air-FLa,0.0074481654452860065,0.021064182352804453
Air-FLs,0.007217323023300452,0.02042086462053953
Air-FLb,0.008197305058377624,0.023291061584356884
Air-C3d,0.01094326721884383,0.01698613772568758
Air-C3t,0.0082301943295644,0.011948599129709348
Air-C3a,0.007473900924245156,0.021847818268180646
Air-C3s,0.004279351303572448,0.010732722232371365
Air-C3b,0.007475349290015902,0.02006712238593681
Air-O1d,0.006896903415696265,0.019545881050791084
Air-O1t,0.0049467972613862245,0.00937425896860514
Air-O1a,0.004654321424011598,0.012654256084583575
Air-O1s,0.0027675945375801405,0.010968822467807863
Air-O1b,0.003918738804388279,0.012730522945057676
Air-FRd,0.009914287183906492,0.02025128371942684
Air-FRt,0.00957039872814203,0.01547177778431921
Air-FRa,0.007424317011892344,0.024673357711918118
Air-FRs,0.005011118157529399,0.01580728439559828
Air-FRb,0.007152710982401671,0.01501144869556277
Air-C4d,0.006830586841326823,0.008630668391412669
Air-C4t,0.006588582331029302,0.008553529931636534
Air-C4a,0.008169900562849945,0.017840169053938083
Air-C4s,0.004919483003768692,0.013133667368657898
Air-C4b,0.004967815610380252,0.010816694936753005
Air-O2d,0.007313074425980661,0.015070651815508929
Air-O2t,0.0029460099508865677,0.007521939462309909
Air-O2a,0.0042495872813047685,0.011892311914463946
Air-O2s,0.002571615641977775,0.010906025117342488
Air-O2b,0.005165524123665079,0.01613935365565266
Chest-Abd,-0.004232204439779853,-0.004059407289379921
Chest-Chin,0.0055690735542481065,0.01461624081261236
Chest-Leg,0.005158511885475383,0.013417063755750542
Chest-Eye1,0.005012767266264961,0.01094310960067204
Chest-Eye2,0.005485150663595928,0.01258975852539232
Chest-FLd,0.0075857139716751995,0.018629549998017105
Chest-FLt,0.00509620708106928,0.015746856849205865
Chest-FLa,0.005929294282531599,0.01890123110333156
Chest-FLs,0.0052955127278558455,0.014528026451100485
Chest-FLb,0.004094073090910183,0.013299627905955892
Chest-C3d,0.00629902555992042,0.014713717915776428
Chest-C3t,0.0028580308824115606,0.008011039380874187
Chest-C3a,0.004304804660426593,0.016224859932028338
Chest-C3s,0.0039174661258861345,0.011755139399209783
Chest-C3b,0.0036726357951681666,0.016005363623786652
Chest-O1d,0.005156622195165895,0.015889312887732068
Chest-O1t,0.0024373872276277795,0.008077774804706755
Chest-O1a,0.00338285060224027,0.010755774632883072
Chest-O1s,0.002676996437094715,0.008458756823127966
Chest-O1b,0.002642787900684589,0.008255404108808786
Chest-FRd,0.007279595879126391,0.018164633143816396
Chest-FRt,0.0038904344243197372,0.01186790966150356
Chest-FRa,0.004335335294184163,0.013527951565117472
Chest-FRs,0.0027728830661035092,0.009059680149914167
Chest-FRb,0.0037196795468285504,0.008926293480978313
Chest-C4d,0.006644036256595457,0.013033405841577717
Chest-C4t,0.0033622008371052593,0.010075665321827632
Chest-C4a,0.0036691660806529155,0.01367624969415678
Chest-C4s,0.0033294800436725275,0.014390758875501102
Chest-C4b,0.0027601778435450584,0.008753073234230883
Chest-O2d,0.004447590894905084,0.014917534836133747
Chest-O2t,0.0022866897201936813,0.005446042522859835
Chest-O2a,0.0023629136617086656,0.007088667105507844
Chest-O2s,0.0030290089295330344,0.006301538419198838
Chest-O2b,0.002729385952103363,0.008465650569239529
Abd-Chin,0.009194835103783052,0.021294683830574042
Abd-Leg,0.004488307977940163,0.010812697928788
Abd-Eye1,0.0054378554307047315,0.01630786794998005
Abd-Eye2,0.004669878894026594,0.013964415662040283
Abd-FLd,0.00661599826053017,0.020346783144758008
Abd-FLt,0.005565163624595864,0.015465695016078095
Abd-FLa,0.006324016796579705,0.02165735439908471
Abd-FLs,0.008179081286262244,0.027136265213154504
Abd-FLb,0.00664235934767813,0.023173175499063028
Abd-C3d,0.007159265846399555,0.01688019212542507
Abd-C3t,0.004923728114042141,0.014101365184259695
Abd-C3a,0.0055450128194727225,0.013920545793457178
Abd-C3s,0.004702210674083268,0.015675222214367412
Abd-C3b,0.006307237854637854,0.01644372945574399
Abd-O1d,0.008104155017399032,0.023572243840914164
Abd-O1t,0.00273529793990119,0.01134668887954002
Abd-O1a,0.003909163311302232,0.010503461350523657
Abd-O1s,0.003821868693974546,0.014178288827825503
Abd-O1b,0.005705257169615402,0.017698066119324844
Abd-FRd,0.0076996412336329395,0.017914828137333583
Abd-FRt,0.006270389587282531,0.015649178104467254
Abd-FRa,0.006882047457369396,0.02150301397995006
Abd-FRs,0.006926259755192951,0.02261867155446169
Abd-FRb,0.004784671586988943,0.010904770348038295
Abd-C4d,0.006843079297703958,0.01605819250756505
Abd-C4t,0.006771623003865843,0.013897058165182774
Abd-C4a,0.007542190318954717,0.021040641090766348
Abd-C4s,0.0057136666624962446,0.023006267593042654
Abd-C4b,0.005380375693873671,0.014935457187063003
Abd-O2d,0.006761224811268067,0.021908257473844943
Abd-O2t,0.002318313757747536,0.008431766779556517
Abd-O2a,0.00412780817270207,0.012166317169869512
Abd-O2s,0.0027968866245870736,0.012473629351234444
Abd-O2b,0.003968849668602446,0.01150142411017624
Chin-Leg,0.0028033335075745573,0.0072059642300047935
Chin-Eye1,0.0025359947221906876,0.006214858606088882
Chin-Eye2,0.0008288517691399496,0.0026175025623031848
Chin-FLd,0.004528579144581659,0.011552184927667046
Chin-FLt,0.0019365886937028419,0.005512457266088816
Chin-FLa,0.00436587223992502,0.011376293124361548
Chin-FLs,0.0033167298140702197,0.0075349015909595045
Chin-FLb,0.007722950339388429,0.018395281744978224
Chin-C3d,0.005088771820426344,0.012423861582115439
Chin-C3t,0.0010988209264114646,0.0022058466745726335
Chin-C3a,0.004608668694768022,0.015437537330564485
Chin-C3s,0.005397344506892093,0.014355678656078192
Chin-C3b,0.006324948957297816,0.01843706761744677
Chin-O1d,0.005217525701388954,0.014234186072516941
Chin-O1t,0.0010328020242760816,0.0029977337260112475
Chin-O1a,0.003407147087247558,0.009859043493148447
Chin-O1s,0.004307888618948475,0.012514670705146414
Chin-O1b,0.004629568244879858,0.01116692396788824
Chin-FRd,0.004379462667587239,0.01325565142969486
Chin-FRt,0.0018529522739742222,0.005360663699655638
Chin-FRa,0.0014381858977276995,0.004804417553815427
Chin-FRs,0.0023856581989765285,0.006445771097639806
Chin-FRb,0.004677800690560071,0.01336329296381441
Chin-C4d,0.005711911394100384,0.013074708860688258
Chin-C4t,0.0004076995885747498,0.0012538346500648658
Chin-C4a,0.0030687785537278885,0.01007597404107902
Chin-C4s,0.004127949592111447,0.0099929897520779
Chin-C4b,0.005228782456424957,0.013536555403462444
Chin-O2d,0.005697526263808743,0.015197714621836106
Chin-O2t,0.001441249403195823,0.004595894479109729
Chin-O2a,0.003576093316888312,0.011515890695439884
Chin-O2s,0.006609760601594237,0.01650862034183759
Chin-O2b,0.009876402675678842,0.024289454147519967
Leg-Eye1,-0.003391296860241674,-0.006204142385003239
Leg-Eye2,0.0008717433662536842,0.0018620635316810956
Leg-FLd,0.0015572380835177338,0.003106763296101974
Leg-FLt,0.002906074483036065,0.008841605309815342
Leg-FLa,0.0042909872150933915,0.012284580923607607
Leg-FLs,0.004380811320848548,0.01019619147829463
Leg-FLb,0.004535128406144036,0.012918731568243405
Leg-C3d,0.00016165673564119695,0.00033838950541027876
Leg-C3t,0.002186381664787939,0.004417508031587939
Leg-C3a,0.0034746922177316896,0.01101598895650973
Leg-C3s,0.0036611977478005465,0.011777770078106698
Leg-C3b,0.006602490725363995,0.014463150037451144
Leg-O1d,0.0038402125131852573,0.006613805033668443
Leg-O1t,0.0016086443792592445,0.003562193096426533
Leg-O1a,0.0038684001046976604,0.011563664988331158
Leg-O1s,0.0046546273974074365,0.009316818801563365
Leg-O1b,0.007040713086972234,0.013265412965260084
Leg-FRd,0.002189477558722755,0.005381302264966451
Leg-FRt,0.0028185970117234212,0.00778382381330685
Leg-FRa,0.004856730295449364,0.013163818593393384
Leg-FRs,0.0040006128119110165,0.011307780763186798
Leg-FRb,0.0070866405671165065,0.012721821123025754
Leg-C4d,0.002541206010334448,0.005886997518119185
Leg-C4t,0.0022795752911586083,0.0060171963759631155
Leg-C4a,0.006052884638053968,0.015581453495083797
Leg-C4s,0.0025156909614851273,0.008350425902576192
Leg-C4b,0.0070122774672088965,0.01929978925946952
Leg-O2d,0.004595094554451377,0.00799019528736549
Leg-O2t,0.002174613370495203,0.006700280536682673
Leg-O2a,0.004496583844661011,0.016622532764606
Leg-O2s,0.0032912690216165643,0.010519286256640049
Leg-O2b,0.003029988200809292,0.008191758380773384
Eye1-Eye2,-0.0011921859079390483,-0.0013566492262303306
Eye1-FLd,-0.006055971728652878,-0.0048304861390642785
Eye1-FLt,-0.0038087273262718824,-0.0038763730631346596
Eye1-FLa,-0.0042451691183851776,-0.0054995855979683645
Eye1-FLs,-0.003695280328660845,-0.004908745757782362
Eye1-FLb,-0.000192193867846959,-0.00046963499938597087
Eye1-C3d,-0.004710983957897113,-0.004314290211458431
Eye1-C3t,-0.006383531575033592,-0.00751993684231631
Eye1-C3a,-0.005072120421946087,-0.007450096777143063
Eye1-C3s,-0.0018936692454021298,-0.0033688534557417445
Eye1-C3b,-0.001055620808588247,-0.0015330891037871439
Eye1-O1d,-0.004128755358360639,-0.0042298223057843694
Eye1-O1t,0.001021498664487168,0.0013565693395502746
Eye1-O1a,0.0004960486433966871,0.001126894474938156
Eye1-O1s,0.00141252592729801,0.004375760839488069
Eye1-O1b,0.0015882298401285523,0.004235789124398245
Eye1-FRd,-0.000574747579462568,0.0003846136215352967
Eye1-FRt,-0.0031932366841998404,-0.0036694393306570317
Eye1-FRa,-0.004013635534585484,-0.004923371454488122
Eye1-FRs,-0.0037989648563279917,-0.0057995794240782725
Eye1-FRb,-0.0035178850565219084,-0.005966554184798018
Eye1-C4d,-0.0021840588903844697,-0.0019397391913204116
Eye1-C4t,-0.00247679792801595,-0.0032515311192621516
Eye1-C4a,-0.002731739421753456,-0.004313646881299717
Eye1-C4s,0.0012045785671210025,0.00215385014056838
Eye1-C4b,-0.00302740742774198,-0.005716397072991847
Eye1-O2d,-0.004237227912567469,-0.005046886477851707
Eye1-O2t,0.0016938771261534025,0.0031151100669265415
Eye1-O2a,-0.0011052327836519585,-0.002029599648495632
Eye1-O2s,0.003364927099050783,0.008134967846484757
Eye1-O2b,0.0005930195589381089,0.0024035918269930947
Eye2-FLd,-0.004851432700873673,-0.003985563765416698
Eye2-FLt,-0.005424229690475283,-0.005840065136054669
Eye2-FLa,-0.0058375767369314765,-0.007621030553392168
Eye2-FLs,-0.004852177549877749,-0.007401617366367181
Eye2-FLb,-0.0007657044672179217,-0.0007166914183667852
Eye2-C3d,-0.005101926998309158,-0.005397450492964665
Eye2-C3t,-0.008677435563041253,-0.008971991228156182
Eye2-C3a,-0.0057334106381731875,-0.009278257361526248
Eye2-C3s,-0.0027185264605240293,-0.005540566554114992
Eye2-C3b,-0.004427586163155702,-0.00768684388374298
Eye2-O1d,-0.010000283934374132,-0.011193917118251056
Eye2-O1t,-0.005412119528918636,-0.007967936045709587
Eye2-O1a,-0.003331080790121177,-0.0060245165464940294
Eye2-O1s,-0.00019655271909890205,-0.00063512948624476
Eye2-O1b,0.00047731431403815627,0.001419197754974539
Eye2-FRd,-0.008702285904065594,-0.007859309370153226
Eye2-FRt,-0.008613419011319937,-0.010150262842029087
Eye2-FRa,-0.007812918473875555,-0.011966764240621265
Eye2-FRs,-0.008448598030863487,-0.0155429628543293
Eye2-FRb,-0.007616521232688522,-0.015171437106851324
Eye2-C4d,-0.007928635759230565,-0.007519823580649766
Eye2-C4t,-0.009752209652328259,-0.012669983702682497
Eye2-C4a,-0.007740922410154086,-0.01344648879022595
Eye2-C4s,-0.003999980800911194,-0.00770798058797714
Eye2-C4b,-0.004801711194514909,-0.010482667849573916
Eye2-O2d,-0.007486657615793141,-0.0086433848152026
Eye2-O2t,-0.0034097141513920333,-0.0062667325116051945
Eye2-O2a,-0.0015428885323436412,-0.0034890463071017854
Eye2-O2s,-0.0006202787833144623,-0.0019546574719106905
Eye2-O2b,8.244507366516641e-06,0.0009085466222448641
FLd-FLt,-0.0006839237479456993,0.0005834475534832381
FLd-FLa,0.00014099655913738088,0.00048189507849350204
FLd-FLs,4.3460562474686816e-05,0.00032881987569084015
FLd-FLb,0.000710697102775646,0.001368704798869983
FLd-C3d,-0.0014199037178930314,-0.0006684345972667118
FLd-C3t,-0.006667422041850925,-0.007691267849002046
FLd-C3a,-0.0030292039552366466,-0.004774072585160408
FLd-C3s,-0.004084612042003635,-0.005961372601775499
FLd-C3b,-0.0010937630289304626,-0.0011756418959126974
FLd-O1d,-0.002948605471890288,-0.0029538725598945237
FLd-O1t,0.0008289076263819353,0.0015512030969966049
FLd-O1a,0.0004486938863021737,0.0007968151378977825
FLd-O1s,-0.000309326799325993,-0.0005859989606412598
FLd-O1b,0.0012318726498492267,0.0031952326806480025
FLd-FRd,-0.001456756105810353,-0.0010440371163359754
FLd-FRt,-0.004113381124631095,-0.005016127521713869
FLd-FRa,-0.003455517378899446,-0.0041496579940624445
FLd-FRs,-0.0029446065564575053,-0.0038542767865733297
FLd-FRb,-0.0024351804937595887,-0.003279488523726728
FLd-C4d,-0.0018205585793207493,-0.0013588252843375957
FLd-C4t,-0.004920182670150437,-0.0061370715488107686
FLd-C4a,-0.0025766290594554228,-0.003917161440168877
FLd-C4s,-0.0026716107467183088,-0.004662992437318234
FLd-C4b,-0.004391882981047937,-0.006508749179030616
FLd-O2d,-0.0007363318624806261,-0.0005662908591890446
FLd-O2t,0.0015439158993723883,0.002719331814873189
FLd-O2a,0.001344392292166364,0.003667400584233607
FLd-O2s,-0.0006816492745142725,-0.0011627051299554342
FLd-O2b,0.0020767737750272052,0.005021329028278649
FLt-FLa,-0.0019063045441654095,-0.001267405960033281
FLt-FLs,0.0005159987469055126,0.0005103982158287307
FLt-FLb,0.002844540509400791,0.004721332596164791
FLt-C3d,-0.002716985616835602,-0.0019346498786652773
FLt-C3t,5.806587162967419e-05,0.00010269504999419081
FLt-C3a,-0.0009278386112887312,-0.0009649806077181529
FLt-C3s,-0.0005509693349562043,-0.0010432536349820345
FLt-C3b,-0.0037558508066805477,-0.006124754137210125
FLt-O1d,-0.0029013634938294453,-0.0034807870448075205
FLt-O1t,0.0006313890712642571,0.0010148265545771406
FLt-O1a,0.0008805381122956703,0.0015351817776051821
FLt-O1s,-0.000503580962312836,-0.0012921310355964023
FLt-O1b,-0.0009443008409000607,-0.00203396933157241
FLt-FRd,0.0008827551010898657,0.002430926518110452
FLt-FRt,-0.003695630960471216,-0.003518967187447145
FLt-FRa,-0.0018773486516607478,-0.0014821135875074769
FLt-FRs,-0.003331581332118383,-0.005246638339587257
FLt-FRb,-0.0028371390882692893,-0.004235752915281911
FLt-C4d,-0.0028669293864141436,-0.003144643439428525
FLt-C4t,-0.004873798086238915,-0.005433469484724793
FLt-C4a,-0.0016293248616824625,-0.002032687584819898
FLt-C4s,-0.0014707832670536121,-0.002235125627001226
FLt-C4b,-0.003728905658017624,-0.006035598099148791
FLt-O2d,0.0006727732178772809,0.0017389335319988111
FLt-O2t,0.0013351112951284897,0.0018400558512124312
FLt-O2a,0.0017832764175536916,0.003994900142976776
FLt-O2s,-0.0010210489307379768,-0.002291908511469948
FLt-O2b,-0.00042254505331850497,-0.0004493923711043313
FLa-FLs,-0.003497309853774426,-0.0034229857229639343
FLa-FLb,0.0014449540412604701,0.002647325812408281
FLa-C3d,-0.002630986304033803,-0.0026952503484662326
FLa-C3t,-0.00457014624459739,-0.00612530967274739
FLa-C3a,-0.0004033397112112763,0.0004191733600776215
FLa-C3s,-0.0012192510975568653,-0.0016729655097811186
FLa-C3b,-0.0020022900928833936,-0.0022218944614147427
FLa-O1d,-0.0015400667006278275,-0.0023164051267168173
FLa-O1t,-0.001984391376429739,-0.003617754571832292
FLa-O1a,-0.001221476841909245,-0.0020312891828807283
FLa-O1s,-0.004582138855976,-0.0075022337117546314
FLa-O1b,-0.00037165105797556453,-0.0005683284248398059
FLa-FRd,0.0003094597628880881,0.0006656812106088112
FLa-FRt,-0.0024857027378433864,-0.0033166238998418225
FLa-FRa,-0.0010410024198488454,-0.0004861278495537226
FLa-FRs,-0.0015033734832843398,-0.0007650659598321199
FLa-FRb,-0.002267198791279445,-0.003882017802649784
FLa-C4d,-0.002818525644676373,-0.0030425626674387856
FLa-C4t,-0.0029895283132043426,-0.003525312945044664
FLa-C4a,-0.0025219522706035717,-0.002418085774886424
FLa-C4s,-0.002479928078014312,-0.00320552865900152
FLa-C4b,-0.0008547922930740666,-0.001076573612452229
FLa-O2d,0.0002954776497680874,0.0008273774585623387
FLa-O2t,-0.0008593694154361351,-0.0016206867297013869
FLa-O2a,0.0010922929231915565,0.0017813578375318992
FLa-O2s,-0.0021334515326780754,-0.0029374386424440347
FLa-O2b,-0.00014373905859673861,-0.0002558952570385215
FLs-FLb,0.0017305615886106067,0.0019348800738417105
FLs-C3d,-0.00022923472885452993,-6.094087000059556e-05
FLs-C3t,-0.002756376791287666,-0.003993469948575585
FLs-C3a,-0.0003518506477778037,4.6910162285118335e-07
FLs-C3s,-0.003602367678969899,-0.0036134133849007313
FLs-C3b,8.750152880604087e-07,-0.00014801868953040318
FLs-O1d,-0.0011385035135718182,-0.0014616239146471237
FLs-O1t,-0.0010642656943821859,-0.002162335178718884
FLs-O1a,-0.0007578059877726844,-0.0013631881003382345
FLs-O1s,-0.004543546830985726,-0.005659892466338452
FLs-O1b,0.0006101823478162573,0.0014385901854053374
FLs-FRd,-0.0016142354579056241,-0.0014222774012646027
FLs-FRt,-0.0011444935298827248,-0.0016061401469910051
FLs-FRa,0.00045665579182030576,0.0016013665642372824
FLs-FRs,-0.004000772451736895,-0.0039443453148718275
FLs-FRb,0.00019901427411868027,0.00012161365737661471
FLs-C4d,-0.0012494662517036203,-0.0016706355464021535
FLs-C4t,-0.002527974722103253,-0.0036714187652333898
FLs-C4a,-0.0026581814678130764,-0.0032246879510116197
FLs-C4s,-0.0030900589733839313,-0.0029199061723541994
FLs-C4b,-0.0018314724179720443,-0.003242671590091626
FLs-O2d,4.7681642647684484e-05,0.00036057147974954626
FLs-O2t,-0.000900921630115995,-0.0017750471961311537
FLs-O2a,0.0014448232404673431,0.002452065566975023
FLs-O2s,-0.006656883680402117,-0.006740023919084809
FLs-O2b,0.0013558695197903772,0.0029771325875697944
FLb-C3d,0.00022382898411090754,0.0005983960176301044
FLb-C3t,-0.00360534691450574,-0.006104392129135743
FLb-C3a,0.00011405024534965623,0.0009902602695257027
FLb-C3s,0.001024571249249968,0.0017917105243663157
FLb-C3b,0.0022803247478704923,0.003113373580438148
FLb-O1d,0.0022865786654778326,0.004575148534428429
FLb-O1t,0.0008021394909362688,0.001450262777636653
FLb-O1a,0.0009466779166205853,0.0023314236870859424
FLb-O1s,0.002160734302742035,0.005633909804001009
FLb-O1b,0.002825933930807778,0.005166399958407912
FLb-FRd,0.002541321617673936,0.004118084178767657
FLb-FRt,-0.0011452347600532412,-0.001163460668636821
FLb-FRa,0.001583345641825077,0.0026866212894249325
FLb-FRs,-0.0002539998819559517,-0.00044474442927568917
FLb-FRb,-0.0014248750173639368,-0.0010517825702783517
FLb-C4d,-0.00019276957727928714,8.207734946476574e-05
FLb-C4t,-0.0029574402154558393,-0.005286795338790959
FLb-C4a,-0.0015755477491102808,-0.002702004380312304
FLb-C4s,8.114003900539443e-05,0.0006728398660488862
FLb-C4b,-0.0011904303347636314,-0.0012349680966442476
FLb-O2d,0.002304891681319561,0.004544304385103945
FLb-O2t,0.0005532581422710823,0.0015279164760552653
FLb-O2a,0.002807485149571635,0.006939404698037293
FLb-O2s,0.003910455745917517,0.008771503165015213
FLb-O2b,0.002057564317249867,0.004764567423715275
C3d-C3t,-0.0012331882629139554,-8.683023401014639e-05
C3d-C3a,-0.004500211928720938,-0.005043125444954202
C3d-C3s,-0.0022995861783618836,-0.002890175959254453
C3d-C3b,-0.0007550403094454715,0.00014670824349701542
C3d-O1d,0.003740370499736094,0.004662726951661896
C3d-O1t,0.002745621495231657,0.003962353974870726
C3d-O1a,0.0022902541397582265,0.0041566492159960475
C3d-O1s,3.1143587007756954e-05,-0.00012264777600730072
C3d-O1b,0.0001407036796709667,0.0007351841882891313
C3d-FRd,-0.003185853900712173,-0.0026241577200838972
C3d-FRt,-0.006009090311080182,-0.007368997770471708
C3d-FRa,-0.003351079300934327,-0.004204823487119804
C3d-FRs,-0.003651743906919921,-0.005133708793173935
C3d-FRb,-0.002256453271863659,-0.003173368347616443
C3d-C4d,-0.0010586046778033064,-0.0003288278699519552
C3d-C4t,-0.006111179064304012,-0.006933708898563468
C3d-C4a,-0.003119035137469327,-0.004236967370124057
C3d-C4s,-0.002203784265361796,-0.0029652485915624394
C3d-C4b,-0.004507672931742856,-0.006438924949469642
C3d-O2d,-0.003537533831768595,-0.003943928260912726
C3d-O2t,0.0009693045519388613,0.0012769381320048422
C3d-O2a,0.0008768741891979446,0.0016469248638931633
C3d-O2s,-0.0003086088709219464,-0.0005669581928173729
C3d-O2b,4.11582349517377e-05,0.00017790545713661723
C3t-C3a,-0.001743934051835664,-0.0018130342202658041
C3t-C3s,-0.0016410026784394512,-0.00219852708734379
C3t-C3b,-0.0034276845440486827,-0.004035952871226992
C3t-O1d,-0.0019594425859809353,-0.0032725846095402527
C3t-O1t,0.003457408479746965,0.004357640693994849
C3t-O1a,-0.0004670989957569887,-0.0009105315456309479
C3t-O1s,-0.0005705682045878954,-0.0010006059564811904
C3t-O1b,-0.0019681188053092017,-0.0044235791613659505
C3t-FRd,-0.004531911749005253,-0.0051638595555118395
C3t-FRt,-0.003198604258021163,-0.0033451972983171525
C3t-FRa,-0.004667989258035872,-0.0069625961851774165
C3t-FRs,-0.0055121181666551574,-0.009071522886227687
C3t-FRb,-0.005798676152385834,-0.0102264695141378
C3t-C4d,-0.0019101010623652336,-0.0018380832696992134
C3t-C4t,-0.00492619965068101,-0.004310464661709748
C3t-C4a,-0.004877272877640984,-0.007868821302010187
C3t-C4s,-0.003926374344542058,-0.00605445586432502
C3t-C4b,-0.006272873207523266,-0.009669090550428482
C3t-O2d,-0.0014170780397037832,-0.0020961966121429264
C3t-O2t,0.0012532103192639634,0.0019373864943165668
C3t-O2a,0.0005250256185614273,0.001349589473091633
C3t-O2s,-0.0002756463469572476,-0.0006899971613184566
C3t-O2b,-0.0008938962244947777,-0.0018488237790384413
C3a-C3s,-0.001677823940476928,-0.0012620232416218377
C3a-C3b,0.00041274023429716466,0.00048625768488856305
C3a-O1d,-0.0009743059671888899,-0.0010972544189143565
C3a-O1t,-0.0004465516732968893,-0.0011149287514772188
C3a-O1a,0.0012943334773660015,0.0026460501815928567
C3a-O1s,-0.0014286258534294209,-0.002524103792257942
C3a-O1b,-0.0017854127577100966,-0.003538265918602266
C3a-FRd,-0.0042106973532338885,-0.00657113776553517
C3a-FRt,-0.002518747170039281,-0.003345264566768922
C3a-FRa,-0.00174002917614961,-0.0010076185505698827
C3a-FRs,-0.004483017761109097,-0.006771934644155787
C3a-FRb,-0.005021205203943114,-0.010359224022457876
C3a-C4d,-0.0025050408082083744,-0.0033832897809383256
C3a-C4t,-0.002489126138102204,-0.0028810906270150933
C3a-C4a,-0.0036537210671948664,-0.0037858103238519536
C3a-C4s,-0.0032080198309359835,-0.004312942914235343
C3a-C4b,-0.004016415839642267,-0.007550326602948164
C3a-O2d,-0.0023262584867532166,-0.0037832146847253203
C3a-O2t,-0.0016461342844161625,-0.0033792534626930605
C3a-O2a,-0.002801162187483031,-0.0042175007227167344
C3a-O2s,-0.0023772782598302416,-0.004319499722919901
C3a-O2b,-0.00017626844541079667,-0.00023960656444362458
C3s-C3b,0.0007626850392315039,0.0006098744672279794
C3s-O1d,-0.001741498803649321,-0.003153917072785361
C3s-O1t,0.0005223059268112059,0.000774504610629908
C3s-O1a,0.0033869282937540137,0.006110681615757183
C3s-O1s,-0.0004769488060854591,0.000894020493814415
C3s-O1b,0.001155819206841677,0.0028109128612563627
C3s-FRd,-0.002794522993535877,-0.0046529139386136936
C3s-FRt,-0.002158577365764424,-0.003275992578065794
C3s-FRa,-0.0025833351470726635,-0.0032011876355293968
C3s-FRs,-0.004605827955784719,-0.005139145368166953
C3s-FRb,-0.00025859812929118097,-0.00024592345034715995
C3s-C4d,-0.0023100822111440217,-0.0033503086136690424
C3s-C4t,-0.001138771774068803,-0.001697365263598693
C3s-C4a,-0.0018142931859133394,-0.0025917285773401693
C3s-C4s,-0.0034687884451966903,-0.0030290508979451893
C3s-C4b,-0.003926299895898949,-0.007415802005611577
C3s-O2d,-1.5107106014634149e-05,0.00021070581273647978
C3s-O2t,-0.00033182342271220874,-0.0006327816869625176
C3s-O2a,0.004023478528461477,0.007677635083234734
C3s-O2s,-0.004969842688805885,-0.005046453029760228
C3s-O2b,0.00113433831004271,0.00267668213437395
C3b-O1d,0.000705310033026639,0.001618721711765122
C3b-O1t,-0.00048734727524683363,-0.0007495433549603355
C3b-O1a,0.0006549742831417701,0.0009986436781400493
C3b-O1s,-0.0010158300314395744,-0.0021946460855582005
C3b-O1b,0.0046841510901907395,0.005570803605173654
C3b-FRd,-0.0022249305772304912,-0.002879024658144527
C3b-FRt,-0.0025970061011049293,-0.004350435179732382
C3b-FRa,-0.0004997257442002033,-0.000992469876533082
C3b-FRs,-0.004181397937265664,-0.00750152069533124
C3b-FRb,-0.0019077030869813505,-0.003484453969396172
C3b-C4d,-0.002390207366183767,-0.0030689467804646616
C3b-C4t,-0.003764057536110968,-0.005372713741695546
C3b-C4a,-0.002205991878289814,-0.0036315587204337136
C3b-C4s,-0.001673597663204622,-0.0027563416376139276
C3b-C4b,-0.0033843290922665687,-0.005130819231251547
C3b-O2d,0.0013739458544895192,0.0031224122361008366
C3b-O2t,-0.0012319469583916879,-0.0023703676139694286
C3b-O2a,0.002565208424971317,0.00531704591652616
C3b-O2s,-0.00034809760336268925,-0.00033210002212136853
C3b-O2b,0.003530520968120023,0.007435848354592085
O1d-O1t,0.0038114229378115533,0.006163747075809231
O1d-O1a,0.0029716899806898228,0.005720572519943951
O1d-O1s,0.001561641266535504,0.0043804983829811
O1d-O1b,0.0038698201125541994,0.009685864000305846
O1d-FRd,-0.005083298559352927,-0.005797895840504256
O1d-FRt,-0.003386494432436705,-0.004921277968728017
O1d-FRa,-0.0026215251786235357,-0.004538623915775067
O1d-FRs,-0.000919615111684061,-0.0015140797532443556
O1d-FRb,-7.939915197552201e-05,-6.356792092621541e-05
O1d-C4d,-0.002470052457003492,-0.0027475034622143164
O1d-C4t,-0.004439615261425571,-0.00625763944405229
O1d-C4a,-0.0014392881004417605,-0.002717238931219676
O1d-C4s,-0.0018322207327938875,-0.003244394600693594
O1d-C4b,-0.0022285042772735336,-0.003965575538028154
O1d-O2d,-0.0014767812327772243,-0.00017999285280223768
O1d-O2t,0.002129733024981969,0.0035731815749307596
O1d-O2a,0.003202833598004145,0.007896836029248311
O1d-O2s,0.0022893548860231623,0.004906442860921996
O1d-O2b,0.0021004723000255894,0.005190182543091804
O1t-O1a,0.00036852652051926743,0.0010343541604503283
O1t-O1s,0.0019932355663996254,0.004911640045883368
O1t-O1b,0.0016214479600345725,0.0033959669154629197
O1t-FRd,0.0004315653535385467,0.001162373833447256
O1t-FRt,0.004486978193590812,0.005746642087729622
O1t-FRa,-0.0019007685410914843,-0.0031382416337212863
O1t-FRs,-0.0010356102955979402,-0.002095505361913064
O1t-FRb,-0.0013471559262783533,-0.0034112780092998216
O1t-C4d,0.003207660041128665,0.004954535132255221
O1t-C4t,0.0029250388453671227,0.0050279566994549515
O1t-C4a,-0.001946360021602472,-0.003249876589889866
O1t-C4s,-0.0004646171756110326,-0.0005022467617508244
O1t-C4b,-0.00040875582713039376,-0.00043393839440607847
O1t-O2d,0.0007760778392220094,0.0016408231691910468
O1t-O2t,-0.0035952684615686236,-0.003402967519584383
O1t-O2a,-0.0018447634231061848,-0.0030019108131799483
O1t-O2s,0.003485402165844232,0.009148066058563243
O1t-O2b,0.0009038980397627787,0.0021304331028068847
O1a-O1s,-0.00013310429689854936,0.00015140962937993594
O1a-O1b,0.0022343054285215236,0.0038951725983879235
O1a-FRd,-0.0007100457980109316,-0.0010327966878630336
O1a-FRt,-7.255428712986816e-05,0.00022595928361063798
O1a-FRa,-0.0009714911479286658,-0.0006773041571361457
O1a-FRs,-0.00013468932571908824,0.00024397039287033136
O1a-FRb,0.0014257853241009656,0.0029554938124553318
O1a-C4d,0.00018162569500964018,0.00027107486223270337
O1a-C4t,0.001852694883635702,0.003947784229343743
O1a-C4a,-0.001082224132207342,-0.0012725488831460971
O1a-C4s,0.0020939383615192495,0.004372331558809299
O1a-C4b,0.0006060854510977782,0.0015722128213494727
O1a-O2d,0.0019456398821235794,0.0042943132152086505
O1a-O2t,-0.0007012595567394673,-0.0009462543970524392
O1a-O2a,-0.0015026347185584726,-0.0013414698171375823
O1a-O2s,0.0013906603595970949,0.0025371874378392967
O1a-O2b,0.0021901506662670663,0.0050728783051303405
O1s-O1b,0.0021398783739108875,0.004314765970836077
O1s-FRd,-0.0005456517084314984,-0.0016198382635418615
O1s-FRt,-0.0001272000535494752,-1.0264306513498826e-05
O1s-FRa,-0.002720168947543805,-0.0043889779642438485
O1s-FRs,-0.007110614621864094,-0.007952869034077058
O1s-FRb,0.0020520103547941085,0.004999892771855359
O1s-C4d,-0.00012195737439607973,-0.00016050657257600268
O1s-C4t,0.0008793291983243603,0.002321801894703114
O1s-C4a,0.0013073195619767097,0.002884764427797722
O1s-C4s,-0.0038035585847432697,-0.0032829339093725187
O1s-C4b,-0.0015146227321619593,-0.003717751305313198
O1s-O2d,0.0031097730287383417,0.007042153519510525
O1s-O2t,0.0030181267636730466,0.00902265931340385
O1s-O2a,0.0024489313547384943,0.005767906166297038
O1s-O2s,-0.00035948920287361553,0.0003739124813026422
O1s-O2b,0.001253539766226937,0.003305423764779019
O1b-FRd,0.0015430555718801897,0.0038357210664428363
O1b-FRt,0.000103147605634977,0.00041914527485012237
O1b-FRa,0.002502539601353048,0.005774900822758174
O1b-FRs,0.0022370133133658896,0.005257289080615113
O1b-FRb,0.0043194914677737424,0.005830672106000865
O1b-C4d,-0.0002094692867296136,-0.0002768735231853109
O1b-C4t,-0.0003726777941844717,-0.0009097377965994434
O1b-C4a,0.0012059692572796393,0.003625964944772583
O1b-C4s,0.001522501643889711,0.003262837484439685
O1b-C4b,0.00413416780930004,0.00796546515542788
O1b-O2d,0.0029228456308556055,0.007461084725058463
O1b-O2t,0.0019032847818072226,0.004688608893372712
O1b-O2a,0.004233911605948449,0.009338323624191775
O1b-O2s,0.00105763469024358,0.002429640575516876
O1b-O2b,0.0008491469362108782,0.002374999487570032
FRd-FRt,-0.0014521966852726817,-0.0004958441669789184
FRd-FRa,-0.002328410702856424,-0.0026223081142440216
FRd-FRs,0.00017401379559772715,0.0004652724740612267
FRd-FRb,-0.0002820153526246012,0.000520914155283318
FRd-C4d,0.002093857812235052,0.002605042029836361
FRd-C4t,-0.006251503481762491,-0.007583976962148113
FRd-C4a,-0.00248013584183478,-0.003920259575530613
FRd-C4s,-0.002783855470922859,-0.005092062263216362
FRd-C4b,-0.0032007599906108235,-0.0044687340012271115
FRd-O2d,5.654359848567853e-05,0.0002847139562579272
FRd-O2t,0.0008979177554293109,0.0017255757113551554
FRd-O2a,0.0011845423164356752,0.002706074650645345
FRd-O2s,0.0008150623033740837,0.002187654748854502
FRd-O2b,0.0011811694845682858,0.003836909765065722
FRt-FRa,-0.004356241736855867,-0.0054035244761185975
FRt-FRs,-0.0021339379860550204,-0.003215620183645387
FRt-FRb,-0.0034953200438553786,-0.004921902291416312
FRt-C4d,-0.00274730931750631,-0.002745765866990289
FRt-C4t,-0.0014071620609457044,-0.0005776945509637155
FRt-C4a,0.000233849595034118,0.0011796388364885232
FRt-C4s,-0.0006787679214496879,-0.0010887886822651084
FRt-C4b,-0.003919259209869459,-0.00677858707417017
FRt-O2d,-0.0033066241534407056,-0.005298039425395516
FRt-O2t,-0.00168943808735748,-0.00251781528111998
FRt-O2a,0.00032379913157182363,0.0009492399754367925
FRt-O2s,-0.0003899747177212564,-0.0007339242955590623
FRt-O2b,-6.642840116978872e-05,-6.484927965324516e-05
FRa-FRs,-0.0025943011591691755,-0.0020995433546856083
FRa-FRb,-0.0007454773953688677,-0.0004178927540534116
FRa-C4d,-0.004597080176375811,-0.005754714551298021
FRa-C4t,-0.0035470790143148933,-0.0048318131817536285
FRa-C4a,-0.0018067633900088777,-0.0006924531789212995
FRa-C4s,-0.002257372156074699,-0.002944770149762019
FRa-C4b,-0.0018751978845039066,-0.0029503213684424837
FRa-O2d,-0.002872981504062152,-0.004351720254490465
FRa-O2t,-0.0028382248151013036,-0.004927543143888418
FRa-O2a,-0.0002537615367379181,-0.0010571222211742568
FRa-O2s,-0.0013303616010763237,-0.0017325133142182148
FRa-O2b,0.0004622279360144949,0.0011468620781710296
FRs-FRb,-0.0007746394277845777,-0.0002783279323495235
FRs-C4d,-0.002173807898509221,-0.002957117109766443
FRs-C4t,-0.005224428524468661,-0.009007237652340407
FRs-C4a,-0.004828521420007979,-0.007044027022097917
FRs-C4s,-4.746381838649899e-05,0.00116431097607519
FRs-C4b,-0.003268164758808763,-0.004888511962487916
FRs-O2d,-0.0029983638085707667,-0.005690714731325071
FRs-O2t,-0.0023487386391251963,-0.00459299537318463
FRs-O2a,0.000703898169416896,0.0021484136550508444
FRs-O2s,-0.0013210559974917767,-0.0004015562239694656
FRs-O2b,0.0030181269267219486,0.005802907655549635
FRb-C4d,-0.0043146263521406155,-0.007408581029785928
FRb-C4t,-0.005677954845275585,-0.009982506770487738
FRb-C4a,-0.001252405904130283,-0.0014589856947773744
FRb-C4s,0.0013153833302303217,0.002951738637603735
FRb-C4b,-0.0014584888982756522,-0.0018408169594938992
FRb-O2d,-0.0002582550022628769,0.0004182796447100722
FRb-O2t,-0.0007417364414348135,-0.0012779407891234792
FRb-O2a,0.001241081825076836,0.0036428697395615743
FRb-O2s,0.005327774879742553,0.013228790795614953
FRb-O2b,0.005886340863345173,0.009106357018002182
C4d-C4t,-0.0046050098226404525,-0.005207189093514466
C4d-C4a,-0.002255399812583095,-0.002994849005754212
C4d-C4s,-0.0012251002724017693,-0.0016149937665213524
C4d-C4b,-0.0027784732876423913,-0.003242576300941094
C4d-O2d,0.0003871943773820721,8.953565299096278e-05
C4d-O2t,0.0032382397039028726,0.005788569445612079
C4d-O2a,0.0011152853890680828,0.0025324977673884357
C4d-O2s,0.0003834458143419085,0.0008457229097457844
C4d-O2b,6.183752908738168e-06,0.0005933384922965797
C4t-C4a,-0.0037859595765936194,-0.004931950511332518
C4t-C4s,-0.0011536537233606096,-0.0021783070030823547
C4t-C4b,-0.003253635103042858,-0.004395866854520435
C4t-O2d,-0.0021617420720209625,-0.0035103804226015527
C4t-O2t,0.001317172911269102,0.001396968885235527
C4t-O2a,0.0007136955530540055,0.0013639213955723667
C4t-O2s,-0.0011939603139337561,-0.0025503976636759213
C4t-O2b,-0.000972781135355479,-0.0020166315084364584
C4a-C4s,-0.0008245546669506654,-0.0005060950100934621
C4a-C4b,-0.0021781037776286085,-0.004061760905304459
C4a-O2d,-0.00058370671424513,-0.0010017075174271269
C4a-O2t,-0.0007022775948595766,-0.0010981357343204298
C4a-O2a,-0.001610538022324235,-0.002107276754769933
C4a-O2s,-0.000588909537930745,-0.0006971908118195775
C4a-O2b,0.0020674951045752347,0.0052223301167107624
C4s-C4b,0.0012085964050321024,0.0027826401380161596
C4s-O2d,0.0010518224756545596,0.0017455549769057892
C4s-O2t,1.4881551772527829e-05,0.00017036023047994978
C4s-O2a,0.004315685308777686,0.009610736264926933
C4s-O2s,-0.0022106939020454987,-0.001472072228942061
C4s-O2b,0.0019600476580640003,0.005219241332417265
C4b-O2d,-0.00175871277747932,-0.003178863428315027
C4b-O2t,-0.0010692004143012755,-0.0020693948010684607
C4b-O2a,0.0015445737881336632,0.003952573453116207
C4b-O2s,-4.6808470069469985e-05,0.0011543526053567532
C4b-O2b,0.0027844667637612953,0.003275320597310262
O2d-O2t,0.001292286610527433,0.001256107399194539
O2d-O2a,0.0031489381710369017,0.005683287879512016
O2d-O2s,0.0007335599907141554,0.0014942201759399094
O2d-O2b,0.0011487754287849506,0.002723693542630368
O2t-O2a,-0.0006505077867364201,-0.0005796568973193044
O2t-O2s,0.003581216952455483,0.007693322547721528
O2t-O2b,0.0010970697746502981,0.002621962763921329
O2a-O2s,0.002939940266663989,0.004404684494415714
O2a-O2b,0.0024691592769295794,0.005766924338771604
O2s-O2b,0.0037542134221518,0.007768724543436606
